Algorithm,EpisodeLength,LearningRate,BatchSize,EntCoef,MAE,MSE,RMSE,AvgReward,ConvergenceRate,AvgJerk,VarianceJerk
SAC,50,0.0003,256,auto,0.37447360280312464,0.4561767127909201,0.6754085525005736,1.0308686913094636,0.010934332574220672,0.17750000834465027,0.054685920798430064
PPO,100,0.0003,64,0.005,0.4350977400330993,0.5284005570852818,0.7269116570019233,1.0488512415140425,-0.0011274393745293642,0.04778446154048045,0.005256660319782792
TD3,100,0.0001,256,,0.6526791437640962,0.8696839753384904,0.9325684829214905,1.0344635698474018,0.0019531813012805556,0.628274275958538,0.52086121384413
DDPG,100,0.0003,128,,0.33476289394081876,0.4645009151486265,0.6815430398358027,1.0550403860151378,-0.0007351816784217746,0.5355164980888367,0.4080272035290926
