Algorithm,EpisodeLength,LearningRate,BatchSize,EntCoef,RewardType,MAE,MSE,RMSE,ConvergenceRate
SAC,100,0.001,64,0.01,abs,2.391784191131592,8.88441276550293,2.9806732067610047,0.0069813024264876984
