Algorithm,EpisodeLength,LearningRate,BatchSize,EntCoef,RewardType,MAE,MSE,RMSE,AvgReward,ConvergenceRate
SAC,100,0.001,256,0.0,abs,2.4064440727233887,8.750691413879395,2.958156759517554,-2.4064441758120036,0.011448892876424484
PPO,100,0.0003,64,0.005,abs,1.780947208404541,4.972163677215576,2.2298348990935577,-1.7809470696939556,0.0027843755417272086
TD3,100,0.0001,128,,abs,2.3468306064605713,8.705469131469727,2.950503199705048,-2.3468305132327116,-0.005313700610299019
DDPG,100,0.0001,64,,abs,1.9684016704559326,6.064873695373535,2.462696427774551,-1.9684016029470774,-0.0010268476218347055
